Date,Country,Customer Review,Analysis,Rating
2025-02-13,United Kingdom,"""worst flight I have ever taken""",Negative,1.0
2025-02-07,Thailand,“Worst Business Class experience”,Negative,1.0
2025-02-03,India,"""giving all help and support""",Positive,5.0
2025-01-30,United Kingdom,"""never book with Air India again""",Neutral,2.5
2025-01-15,Sri Lanka,"""in-flight experience was equally horrendous""",Negative,1.0
2025-01-10,United States,"""more than satisfactory""",Neutral,2.5
2025-01-08,United Kingdom,“the service onboard was impeccable”,Neutral,2.5
2025-01-04,United Kingdom,"""Done with Air India forever""",Neutral,2.5
2025-01-03,United Kingdom,"""the absolute bottom of the barrel""",Neutral,2.5
2025-01-02,Germany,"""I had a dreadful experience""",Negative,1.0
2024-12-28,Australia,"""I was denied to board""",Negative,1.0
2024-12-23,United States,"""using old planes"" ",Neutral,2.5
2024-12-22,United States,"""the old, dirty, broken seats""",Negative,1.0
2024-12-18,Singapore,"""very hot cabin temperature""",Neutral,2.5
2024-12-11,United Arab Emirates,"""no compensation will be given"" ",Neutral,2.5
2024-12-10,India,"""Air India, a crying shame""",Negative,1.0
2024-12-07,Finland,"""Worst airline experience ever""",Negative,1.0
2024-11-30,United States,"""lacking a little bit in customer service""",Negative,1.0
2024-11-29,Canada,"""will not compensate anything"" ",Neutral,2.5
2024-11-25,Australia,"""service was truly disappointing""",Negative,1.0
2024-11-24,United States,"""a traumatic experience""",Negative,1.0
2024-11-24,United Kingdom,"""terrible customer service""",Negative,1.0
2024-11-23,Spain,"""they are ALWAYS LATE""",Neutral,2.5
2024-11-21,United States,"""no explanation given for the delay""",Negative,1.0
2024-11-14,Australia,"""I had a terrible experience""",Negative,1.0
2024-11-13,India,“Absolutely atrocious service quality”,Neutral,2.5
2024-11-13,Netherlands,“TV screens did not function”,Neutral,2.5
2024-11-12,United Kingdom,"""continues to disappoint""",Negative,1.0
2024-11-12,United States,“Very bad experience”,Negative,1.0
2024-11-11,United States,"""a great experience""",Positive,5.0
2024-11-11,United States,“plane I flew in was really old”,Neutral,2.5
2024-11-09,United Kingdom,"""complete and utter shambles""",Neutral,2.5
2024-11-08,Australia,"""It was a nightmare for us""",Neutral,2.5
2024-11-07,India,“I was unexpectedly downgraded”,Neutral,2.5
2024-11-05,Canada,"""would use Air India again"" ",Neutral,2.5
2024-10-31,India,"""unaware of their own processes""",Negative,1.0
2024-10-26,Australia,"""I was very disappointed""",Negative,1.0
2024-10-23,Canada,"""denied to get the wheelchair""",Negative,1.0
2024-10-19,Australia,"""book a flight with them at your peril""",Negative,1.0
2024-10-12,United States,"""experience has been positive""",Positive,5.0
2024-09-30,Philippines,"""It's very disappointing""",Negative,1.0
2024-09-26,India,“For the price paid flight was pretty good”,Positive,5.0
2024-09-25,Australia,"""the experience was extremely poor""",Negative,1.0
2024-09-24,India,"""incompetence of this airline"" ",Negative,1.0
2024-09-23,Australia,"""disappointed in Air India service""",Negative,1.0
2024-09-23,United States,"""made me buy a new ticket""",Neutral,2.5
2024-09-22,Australia,"""I had the worst experience""",Negative,1.0
2024-09-19,United States,"""14.5 hour flight no entertainment""",Positive,5.0
2024-09-16,United Kingdom,“We won’t forget it!”,Negative,1.0
2024-09-16,Australia,"""worst of my flying experience""",Negative,1.0
2024-09-15,Canada,“service is just getting worse and worse”,Negative,1.0
2024-09-11,Canada,"""service they provide is beyond the worst""",Negative,1.0
2024-09-08,India,"""I have asked for compensation""",Neutral,2.5
2024-09-07,United Kingdom,"""18 hour delay"" ",Negative,1.0
2024-09-07,Germany,"""Annoying, frustrating and sad experience """,Negative,1.0
2024-09-02,United States,"""ancient angled flat seat"" ",Neutral,2.5
2024-09-01,United States,"""equipment is super old""",Positive,5.0
2024-09-01,India,"""crew were quite nice and friendly""",Positive,5.0
2024-08-31,United Kingdom,"""seats wont recline and handles broken""",Neutral,2.5
2024-08-30,Canada,"""customer care is -1""",Positive,5.0
2024-08-30,United Kingdom,"""embarrassing and unacceptable""",Negative,1.0
2024-08-27,India,"""Air India still has lot of work to do""",Neutral,2.5
2024-08-21,India,"""Worst airline available""",Negative,1.0
2024-08-14,Kuwait,"""the worst experience""",Negative,1.0
2024-08-07,Japan,"""it was a horrible experience""",Negative,1.0
2024-08-06,Hong Kong,"""bags were delayed by 2+ weeks""",Negative,1.0
2024-08-04,Australia,"""No concern for consumers""",Neutral,2.5
2024-07-30,Australia,"""12hour flight without a working screen""",Neutral,2.5
2024-07-29,United States,"""Get your act together""",Neutral,2.5
2024-07-27,Denmark,"""Avoid flying Air India""",Negative,1.0
2024-07-21,United Kingdom,"""didn't bother refunding my money""",Negative,1.0
2024-07-19,New Zealand,"""Air India do not care""",Positive,5.0
2024-07-19,Singapore,"""no proper information to the travellers""",Neutral,2.5
2024-07-18,India,"""give you the torture treatment""",Negative,1.0
2024-07-18,Canada,""" I was really disappointed"" ",Negative,1.0
2024-07-18,Australia,"""never fly Air India again"" ",Neutral,2.5
2024-07-15,Australia,"""beyond useless and unhelpful""",Negative,1.0
2024-07-15,Nepal,"""charged me for the weight of my duty-free""",Positive,5.0
2024-06-24,United States,“No value for money”,Neutral,2.5
2024-06-24,United States,“Food was great as always”,Positive,5.0
2024-06-22,Canada,"""Very unhappy with the service""",Negative,1.0
2024-06-19,Australia,"""express my deep disappointment""",Negative,1.0
2024-06-17,Australia,“staff was polite and helpful”,Positive,5.0
2024-06-04,India,"""boarding experience was tiring""",Neutral,2.5
2024-06-04,Canada,"""Totally messed up airline""",Negative,1.0
2024-05-28,India,"""16 hour flight without entertainment""",Negative,1.0
2024-05-25,India,"""Horrible experience during check in""",Negative,1.0
2024-05-24,United Kingdom,"""will not recommend""",Neutral,2.5
2024-05-21,India,"""snack service was not up to par""",Neutral,2.5
2024-05-19,United Arab Emirates,"""Every service needs deep review""",Neutral,2.5
2024-05-19,India,"""charging for carrying a laptop bag""",Neutral,2.5
2024-05-17,France,"""The worst company ever""",Negative,1.0
2024-05-15,United States,“Customer Service is the worst”,Negative,1.0
2024-05-15,Canada,"""please avoid Air India""",Neutral,2.5
2024-05-13,Canada,"""pathetic service and attitude""",Negative,1.0
2024-05-09,Australia,“poor management and bad decisions”,Negative,1.0
2024-05-08,Australia,""" disaster from start to finish""",Negative,1.0
2024-05-08,United States,"""worst experience I’ve had""",Negative,1.0
2024-05-07,United States,"""3 toilets out of order""",Neutral,2.5
2024-05-04,India,“not the customer service we expect”,Neutral,2.5
2024-04-30,United Kingdom,"""terrible customer service experience""",Negative,1.0
2024-04-29,India,"""Worst Staff behaviour""",Negative,1.0
2024-04-27,United States,"""no in flight entertainment""",Positive,5.0
2024-04-27,India,"""Overall a good flight""",Positive,5.0
2024-04-19,Israel,“nothing short of a nightmare”,Neutral,2.5
2024-04-18,India,"""ridiculous customer service""",Negative,1.0
2024-04-16,United Kingdom,"""No working entertainment""",Positive,5.0
2024-04-14,India,"""a pretty routine flight""",Positive,5.0
2024-04-14,India,"""The flight was quite nice""",Positive,5.0
2024-04-12,Germany,"""seat back was in a catastrophic state""",Negative,1.0
2024-04-11,United States,"""One way my IFE was not working""",Neutral,2.5
2024-04-09,United Kingdom,"""Will not fly on them again""",Neutral,2.5
2024-04-08,Canada,“Terrible experience”,Negative,1.0
2024-04-07,India,"""the disgrace to the country"" ",Negative,1.0
2024-04-06,United States,"""not in any way attentive""",Neutral,2.5
2024-04-03,India,"""Overall had a good experience""",Positive,5.0
2024-04-01,Netherlands,"""Entertainment was not working""",Positive,5.0
2024-03-29,United Kingdom,"""disheartening to see such discrepancies""",Negative,1.0
2024-03-27,India,"""Worst trip in a business class ever""",Negative,1.0
2024-03-21,Australia,"""Worst experience!""",Negative,1.0
2024-03-16,Australia,"""change the gates any time""",Neutral,2.5
2024-03-16,India,"""unprofessional and uncooperative""",Negative,1.0
2024-03-15,United Arab Emirates,"""Air India lost my luggage"" ",Negative,1.0
2024-03-14,United Kingdom,"""Excellent leg room"" ",Positive,5.0
2024-03-10,Australia,"""very unenjoyable flight"" ",Neutral,2.5
2024-03-10,Australia,"""No light button for reading too"" ",Neutral,2.5
2024-03-06,Canada,"""worst international flight experience""",Negative,1.0
2024-03-05,Italy,“Nothing was working”,Neutral,2.5
2024-03-05,Nepal,"""a nightmare that might haunt me""",Negative,1.0
2024-03-04,United States,“good decent service”,Positive,5.0
2024-03-03,India,"""very bad experience""",Negative,1.0
2024-02-20,United States,“didn't offer any kind of compensation”,Positive,5.0
2024-02-17,India,"""Very disappointed""",Negative,1.0
2024-02-16,United Kingdom,"""extremely dissatisfied with Air India""",Negative,1.0
2024-02-13,Sweden,"""I asked for compensation"" ",Neutral,2.5
2024-02-11,India,"""It’s a bad experience""",Negative,1.0
2024-02-11,United States,"""Very polite cabin crew""",Neutral,2.5
2024-02-08,Brazil,"""horrible, dirty and old""",Negative,1.0
2024-02-05,United States,"""Our worst flying experience""",Negative,1.0
2024-02-04,United Arab Emirates,“a fabulous experience“,Positive,5.0
2024-02-02,Australia,"""Excellent crew, polite and professional""",Positive,5.0
2024-02-01,Canada,"""Absolutely the worst flight""",Negative,1.0
2024-01-30,Thailand,"""My worst flying experience""",Negative,1.0
2024-01-26,Australia,"""A very bad experience""",Negative,1.0
2024-01-14,United States,"""experience left much to be desired""",Neutral,2.5
2024-01-13,New Zealand,“had a very pleasant experience”,Positive,5.0
2024-01-10,India,"""Total waste of your money"" ",Negative,1.0
2024-01-07,India,"""outstanding service provided""",Positive,5.0
2024-01-06,United States,"""the seats are falling apart""",Neutral,2.5
2024-01-03,India,"""clean and comfortable seats"" ",Positive,5.0
2024-01-03,India,"""25kg check in Baggage"" ",Neutral,2.5
2024-01-02,United Kingdom,"""Avoid like a Plague""",Neutral,2.5
2023-12-29,United Kingdom,"""Both my flights were delayed""",Negative,1.0
2023-12-25,Canada,"""did not enjoy the flight""",Positive,5.0
2023-12-24,United States,"""cancelled our flight just 2 hours prior""",Negative,1.0
2023-12-24,United Kingdom,"""terrible airline"" ",Negative,1.0
2023-12-24,India,"""wouldn't recommend this nasty airline""",Negative,1.0
2023-12-19,United States,"""Do not expect a comfortable seat""",Positive,5.0
2023-12-12,United States,“fly another carrier”,Neutral,2.5
2023-12-12,United States,"""a disappointing experience""",Negative,1.0
2023-12-05,Singapore,“flight was delayed by 14 hrs”,Negative,1.0
2023-12-02,United States,“Worst airline ever”,Negative,1.0
2023-11-28,United States,"""attempting to profit $700 from me""",Positive,5.0
2023-11-27,Australia,“infotainment system wasn’t working”,Neutral,2.5
2023-11-25,United States,"“dirty toilets, tray table and stained seats”",Negative,1.0
2023-11-23,United States,"""customer service was terrible""",Negative,1.0
2023-11-23,United States,“they have done a commendable job”,Neutral,2.5
2023-11-23,United States,"""lack the concept of hospitality""",Negative,1.0
2023-11-22,United States,“experience with Air India was challenging”,Neutral,2.5
2023-11-22,India,“crew were quite nice and soothing”,Positive,5.0
2023-11-21,United States,"""experience was much worse than ever before""",Negative,1.0
2023-11-17,Slovakia,"""Just a terrible experience""",Negative,1.0
2023-11-16,United States,"""experienced excellent service""",Positive,5.0
2023-11-12,Canada,"""disappoints on international routes"" ",Negative,1.0
2023-11-12,Canada,"""Comfortable seating""",Positive,5.0
2023-11-11,India,"""Pathetic airline""",Negative,1.0
2023-11-11,Australia,"""No entertainment at all""",Positive,5.0
2023-11-06,India,"""a very humiliating experience""",Negative,1.0
2023-11-05,India,“the soft product was markedly improved”,Positive,5.0
2023-10-29,Singapore,"""the worst I’ve travelled""",Negative,1.0
2023-10-27,United States,"""never expected or experienced such a difficult flight""",Neutral,2.5
2023-10-25,New Zealand,"""like a never ending nightmare""",Neutral,2.5
2023-10-25,India,"""I was just refunded taxes""",Neutral,2.5
2023-10-24,United States,"""whole food experience was disgusting""",Negative,1.0
2023-10-17,United Kingdom,"""half of the screens weren't working"" ",Neutral,2.5
2023-10-16,Canada,"""The worst airline to fly""",Negative,1.0
2023-10-16,United Arab Emirates,"""nothing is right"" ",Neutral,2.5
2023-10-15,United States,"""entire experience left us deeply disappointed""",Negative,1.0
2023-10-13,United States,"""Spend your money on other airlines""",Neutral,2.5
2023-10-11,United Kingdom,"""Be aware of this airline""",Neutral,2.5
2023-10-09,India,"""Not a good experience""",Positive,5.0
2023-09-30,Australia,"""deep disappointment and frustration""",Negative,1.0
2023-09-29,India,"""pay 14,000 INR because of extra luggage"" ",Negative,1.0
2023-09-29,United Kingdom,"""a very disappointing experience""",Negative,1.0
2023-09-28,Canada,"""seats were worn out, uncomfortable""",Negative,1.0
2023-09-28,Thailand,"""Staff on both flights were poorly trained""",Neutral,2.5
2023-09-28,Singapore,"""No lounge or compensation was given""",Neutral,2.5
2023-09-26,Netherlands,"""the most horrible airline""",Negative,1.0
2023-09-26,United States,"""they need to make some changes""",Neutral,2.5
2023-09-26,United Kingdom,"""Pathetic service""",Negative,1.0
2023-09-26,Australia,"""experience is very bad""",Negative,1.0
2023-09-24,France,"""site bombed when I tried to pay""",Negative,1.0
2023-09-24,Germany,"""I will never choose Air India""",Neutral,2.5
2023-09-22,United Kingdom,"""I had to spend 3 days in the airport""",Neutral,2.5
2023-09-22,India,"""staff changed our seat numbers""",Neutral,2.5
2023-09-18,United Kingdom,"""Worst airline I traveled with""",Negative,1.0
2023-09-18,Canada,"""The seat was broken""",Neutral,2.5
2023-09-16,Israel,"""avoid any flight with Air India""",Negative,1.0
2023-09-16,Australia,"""it is highly inconvenient""",Negative,1.0
2023-09-14,India,"""a very good experience""",Positive,5.0
2023-09-11,United States,"""Business class is not roomy""",Neutral,2.5
2023-09-10,India,"""a really comfortable and good flight""",Positive,5.0
2023-09-10,Australia,"""This is the worst flight service""",Negative,1.0
2023-09-09,India,"""very disappointing that they didn't help me""",Negative,1.0
2023-09-05,United States,"""one of the worst experiences""",Negative,1.0
2023-09-04,Australia,"""everyone was sweating for nearly 2 hours""",Neutral,2.5
2023-09-01,United Arab Emirates,"""food they serve is so bad""",Negative,1.0
2023-09-01,India,"""an amazing experience""",Positive,5.0
2023-08-28,United Kingdom,"""It's a third class flight""",Neutral,2.5
2023-08-28,United Arab Emirates,"""never fly Air India again""",Neutral,2.5
2023-08-19,United Arab Emirates,"""a waste of money""",Negative,1.0
2023-08-15,India,"""denied to take the bag saying that I am late""",Negative,1.0
2023-08-15,Australia,"""plane seemed terribly run down""",Negative,1.0
2023-08-14,India,"""soon lose their customer base""",Negative,1.0
2023-08-12,South Africa,"""Worst experience of my life""",Negative,1.0
2023-08-11,Australia,"""delayed almost 5-6 hours""",Negative,1.0
2023-08-11,Israel,"""very low cost aircraft"" ",Negative,1.0
2023-08-10,Canada,"""IFE screens don't work""",Neutral,2.5
2023-08-09,India,"""Keep up the good work""",Positive,5.0
2023-08-07,India,"""Pathetic and unprofessional""",Negative,1.0
2023-08-07,Qatar,"""no different from a low-budget airline""",Negative,1.0
2023-08-06,Canada,"""bathrooms on the plane were disgusting""",Negative,1.0
2023-08-02,India,"""Horrible service""",Negative,1.0
2023-07-29,India,"""outstanding service from staff""",Positive,5.0
2023-07-28,Denmark,"""never ever again Air India""",Neutral,2.5
2023-07-26,United Arab Emirates,"""Disappointed to the core""",Negative,1.0
2023-07-23,India,"""going from bad to worst""",Negative,1.0
2023-07-22,United Kingdom,"""was given a regular meal""",Neutral,2.5
2023-07-20,Australia,"""both times it was torture""",Negative,1.0
2023-07-18,United States,"""flight was disgusting and dirty""",Negative,1.0
2023-07-18,United States,"""gotten progressively worse""",Negative,1.0
2023-07-17,India,"""most disappointed""",Negative,1.0
2023-07-16,India,"""this was a welcome flight""",Positive,5.0
2023-07-16,Italy,"""company to really avoid""",Negative,1.0
2023-07-14,United Kingdom,"""excellent service provided by staff""",Positive,5.0
2023-07-11,Denmark,"""entertainment did not work""",Positive,5.0
2023-07-09,United States,"""The service was non-existent""",Neutral,2.5
2023-07-08,India,"""I would still recommend""",Neutral,2.5
2023-07-06,Canada,"""first and last flight with Air India""",Neutral,2.5
2023-07-06,Canada,"""Again bad experience""",Negative,1.0
2023-07-05,United States,"""No value for money""",Neutral,2.5
2023-07-04,India,"""there was nobody there to help""",Positive,5.0
2023-07-03,India,"""Worst quality of food!",Negative,1.0
2023-07-02,United States,"""Worst flight""",Negative,1.0
2023-07-02,New Zealand,"""No entertainment, no call lights, no seat reclining""",Positive,5.0
2023-07-02,Singapore,"""A terrible nightmare""",Negative,1.0
2023-07-01,United Arab Emirates,"""more than 45 minutes for baggage check""",Neutral,2.5
2023-06-28,Australia,"""top notch crew experience""",Neutral,2.5
2023-06-28,United States,"""Worst experience ever""",Negative,1.0
2023-06-27,India,"""seats are absolutely atrocious""",Neutral,2.5
2023-06-27,United Kingdom,"""service is horrible""",Negative,1.0
2023-06-27,India,"""worst customer support""",Negative,1.0
2023-06-27,India,"""never seen such kind of chaos""",Neutral,2.5
2023-06-26,India,"""web check-in was harrowing""",Neutral,2.5
2023-06-26,Singapore,"""service and customer experience lacking""",Neutral,2.5
2023-06-26,Australia,"""Overall good customer service""",Positive,5.0
2023-06-26,Sri Lanka,"""held passengers for nearly 4 hours""",Neutral,2.5
2023-06-25,United States,"""seat was completely broken""",Negative,1.0
2023-06-25,Canada,"""Worst inflight experience""",Negative,1.0
2023-06-20,Canada,"""Customer service is getting worse day by day""",Negative,1.0
2023-06-20,India,"""Good experience overall""",Positive,5.0
2023-06-17,United States,"""last time flying Air India""",Neutral,2.5
2023-06-17,Canada,"""AI has given nothing but lousy service""",Positive,5.0
2023-06-17,Australia,"""a wonderful experience""",Positive,5.0
2023-06-16,India,"""cabin crew not arrived"" ",Neutral,2.5
2023-06-15,Canada,"""Worst flight experience""",Negative,1.0
2023-06-15,Canada,"""staff extremely kind and helpful""",Positive,5.0
2023-06-14,India,"""the worst flight experience""",Negative,1.0
2023-06-14,India,"""Seats small and uncomfortable""",Negative,1.0
2023-06-14,India,"""book at your peril""",Negative,1.0
2023-06-14,Netherlands,"""Boarding a bit messy""",Negative,1.0
2023-06-14,Netherlands,"""staff super efficient and friendly""",Positive,5.0
2023-06-13,United States,"""One of the worst flight experiences""",Negative,1.0
2023-06-13,India,"""experienced such poor service""",Negative,1.0
2023-06-12,Sri Lanka,"""Very poor flight management""",Negative,1.0
2023-06-12,India,"""Food quality horrible""",Negative,1.0
2023-06-12,United States,"""the worst flight experience """,Negative,1.0
2023-06-11,India,"""delayed for more than 5 hours""",Negative,1.0
2023-06-10,India,"""a very good flight""",Positive,5.0
2023-06-10,India,"""Worst experience ever""",Negative,1.0
2023-06-09,Sri Lanka,"""Worst experience ever""",Negative,1.0
2023-06-08,United States,"""very poor service""",Negative,1.0
2023-06-08,India,"""Some seats were not reclining""",Neutral,2.5
2023-06-08,India,"""Horrible service by Air India""",Negative,1.0
2023-06-06,United States,"""I asked if he could upgrade me""",Neutral,2.5
2023-06-06,United States,"""bad airline service"" ",Negative,1.0
2023-06-03,Canada,"""hated my overall flight experience""",Neutral,2.5
2023-06-02,United Kingdom,"""Avoid booking Air India""",Negative,1.0
2023-05-27,Indonesia,"""old planes with no inflight entertainment""",Positive,5.0
2023-05-27,India,"""One of the worst airlines""",Negative,1.0
2023-05-26,India,"""Very disappointing""",Negative,1.0
2023-05-22,Canada,"""irresponsible airline""",Negative,1.0
2023-05-22,India,"""Pathetic experience""",Negative,1.0
2023-05-22,United Kingdom,"""Seats are not at all hygienic""",Neutral,2.5
2023-05-22,Australia,"""No Inflight Entertainment""",Positive,5.0
2023-05-08,Australia,"""disappointed that I never got to fly""",Negative,1.0
2023-05-07,Canada,"""the flight was so horrible""",Negative,1.0
2023-05-05,Canada,"""Such a bad experience""",Negative,1.0
2023-05-04,Canada,"""Absolutely primitive aircraft""",Neutral,2.5
2023-05-04,India,"""food was top class""",Neutral,2.5
2023-05-03,United Kingdom,"""better than the last time I flew""",Positive,5.0
2023-05-03,Sri Lanka,"""the service was very poor""",Negative,1.0
2023-05-03,India,"""Staff new and not efficient""",Positive,5.0
2023-05-03,United States,"""never travel again with Air India""",Neutral,2.5
2023-05-02,India,"""comment is mainly for safety concern""",Positive,5.0
2023-05-02,Canada,"""it was shocking""",Negative,1.0
2023-04-28,Australia,"""Would never fly again"" ",Neutral,2.5
2023-04-27,United Kingdom,"""not friendly to customers""",Positive,5.0
2023-04-23,India,"""very bad experience in plane""",Negative,1.0
2023-04-23,Australia,"""food was improved""",Positive,5.0
2023-04-19,United States,"""an excellent flight""",Positive,5.0
2023-04-16,Australia,"""nervous about our journey back home""",Negative,1.0
2023-04-14,Nepal,"""Terrible customer service""",Negative,1.0
2023-04-14,India,"""entertainment non existent""",Positive,5.0
2023-04-12,Canada,"""Will not fly Air India again""",Neutral,2.5
2023-04-11,United Kingdom,"""Air India are idling""",Neutral,2.5
2023-04-07,United Kingdom,"""Never flying Air India again""",Neutral,2.5
2023-04-06,India,"""unfair and bad service""",Negative,1.0
2023-04-05,Canada,"""Seat armrests are broken""",Neutral,2.5
2023-04-05,United States,"""reluctant to help in any way""",Neutral,2.5
2023-04-04,Canada,"""Nothing was working at all""",Neutral,2.5
2023-04-03,Canada,"""scammed me for such a huge amount""",Neutral,2.5
2023-04-02,India,"""The flight experience was horrible""",Negative,1.0
2023-04-02,India,"""Baggage service to be improved""",Positive,5.0
2023-03-30,India,"""Extremely disgusted by Air India""",Negative,1.0
2023-03-25,India,"""amazing legroom""",Positive,5.0
2023-03-24,United States,"""IFE screen does not work""",Neutral,2.5
2023-03-22,India,"""Flight was clean and neat""",Positive,5.0
2023-03-21,United States,"""Air India did not disappoint""",Negative,1.0
2023-03-20,United Kingdom,"""the worst I have ever flown with""",Negative,1.0
2023-03-18,United States,"""not a good customer experience""",Positive,5.0
2023-03-16,Canada,"""Worst experience ever""",Negative,1.0
2023-03-16,United States,"""rude in their services""",Negative,1.0
2023-03-16,India,"""my luggage was damaged""",Negative,1.0
2023-03-15,India,"""I appreciate the attitude of the crew""",Positive,5.0
2023-03-14,United States,"""Appalling airline""",Negative,1.0
2023-03-13,South Africa,"""No accountability or professionalism""",Neutral,2.5
2023-03-12,United States,"""Complete disaster""",Negative,1.0
2023-03-11,United States,"""A total disgrace""",Negative,1.0
2023-03-09,India,"""the seats did not recline""",Neutral,2.5
2023-03-05,United Arab Emirates,"""Horrible service""",Negative,1.0
2023-03-04,United Kingdom,"""I was very disappointed""",Negative,1.0
2023-03-03,United Kingdom,"""Service gone so down""",Neutral,2.5
2023-03-03,United Kingdom,"""Food was below average quality""",Neutral,2.5
2023-03-02,United States,"""Not a good value for money""",Positive,5.0
2023-03-02,United States,"""did not answer any call button""",Neutral,2.5
2023-03-02,United States,"""beyond a horrible experience""",Negative,1.0
2023-03-01,India,"""service was quite nice""",Positive,5.0
2023-03-01,United Kingdom,"""Very pathetic service""",Negative,1.0
2023-03-01,United States,"""never flying Air India again""",Neutral,2.5
2023-02-25,United States,"""Cabin crew were extremely rude.""",Negative,1.0
2023-02-24,United Kingdom,"""unexpected and unhappy experience""",Negative,1.0
2023-02-24,Canada,""" A big no for Air India""",Neutral,2.5
2023-02-24,United States,"""Long delays are just norm""",Negative,1.0
2023-02-24,United States,"""Horrible experience""",Negative,1.0
2023-02-22,Australia,"""do avoid at all costs""",Negative,1.0
2023-02-22,France,"""Disrespectful and rude cabin crew""",Negative,1.0
2023-02-22,Australia,"""entertainment system not working""",Positive,5.0
2023-02-21,United Kingdom,"""Seats were very uncomfortable""",Negative,1.0
2023-02-18,India,"""Very uncooperative airline""",Neutral,2.5
2023-02-18,India,"""such a bad flight and experience""",Negative,1.0
2023-02-18,Canada,"""So disappointing""",Negative,1.0
2023-02-17,India,"""don't care about people""",Positive,5.0
2023-02-17,United States,"""non-customer friendly company""",Positive,5.0
2023-02-16,United States,"""a worst experience with check-in""",Negative,1.0
2023-02-15,Australia,"""Never travel with this airline""",Neutral,2.5
2023-02-14,United Kingdom,"""delayed for 12 hrs"" ",Negative,1.0
2023-02-10,United Kingdom,"""Very disappointed with the service""",Negative,1.0
2023-02-10,South Africa,"""Disgusting airline""",Negative,1.0
2023-02-09,Thailand,"""its prices are reasonable""",Neutral,2.5
2023-01-27,Germany,"""wouldn't recommend to anybody""",Neutral,2.5
2023-01-26,India,"""food was very bad and substandard""",Negative,1.0
2023-01-24,United Kingdom,"""poor services and management""",Negative,1.0
2023-01-21,India,"""comfortable seats""",Positive,5.0
2023-01-20,Canada,"""will not fly this airline""",Neutral,2.5
2023-01-20,United States,"""bad quality of food""",Negative,1.0
2023-01-19,India,"""A319 and leg room was better""",Neutral,2.5
2023-01-19,Fiji,"""big difference in quality of service""",Neutral,2.5
2023-01-17,Canada,"""screens were not working""",Neutral,2.5
2023-01-17,United States,"""Seats were poorly maintained""",Neutral,2.5
2023-01-14,India,"""worst experience of my life""",Negative,1.0
2023-01-13,United States,"""Customer service is very rude""",Negative,1.0
2023-01-12,United Kingdom,"""hygiene on these flights is horrendous""",Negative,1.0
2023-01-11,India,"""Excellent experience on board""",Positive,5.0
2023-01-10,Australia,"""2 day delay in our travel plan""",Negative,1.0
2023-01-08,South Africa,"""Air India is disgusting""",Negative,1.0
2023-01-08,India,"""does not reflect well on the new owners""",Neutral,2.5
2023-01-08,Australia,"""check in was chaotic and unorganised""",Negative,1.0
2023-01-06,India,"""""",Neutral,2.5
2023-01-03,United Arab Emirates,"""dirty seats and covers""",Negative,1.0
2023-01-02,South Africa,"""Most disgusting service"" ",Negative,1.0
2022-12-30,United States,"""staff were friendly and helpful""",Positive,5.0
2022-12-27,Canada,"""please avoid this airline""",Neutral,2.5
2022-12-22,United Kingdom,"""This flight was appalling""",Neutral,2.5
2022-12-21,Australia,"""Never using the airline again""",Neutral,2.5
2022-12-18,United States,"""Worst experience of my life""",Negative,1.0
2022-12-18,Australia,"""Complete waste of money""",Negative,1.0
2022-12-16,Australia,"""Great food and customer service""",Positive,5.0
2022-12-14,India,"""dropped the ball here big time""",Negative,1.0
2022-12-13,Saudi Arabia,"""outstanding hospitality""",Positive,5.0
2022-12-11,Australia,"""on time departure and arrival""",Neutral,2.5
2022-12-09,United States,"""I would not recommend this airline""",Neutral,2.5
2022-12-04,United Kingdom,"""Customer care and cabin crew are very rude and uncooperative""",Neutral,2.5
2022-12-04,Canada,"""Worst flight ever""",Negative,1.0
2022-12-02,Singapore,"""I am truly impressed""",Positive,5.0
2022-11-30,Australia,"""cabin crew were absolutely delightful""",Positive,5.0
2022-11-26,India,"""disappointed with the Customer Care""",Neutral,2.5
2022-11-25,Canada,"""Received very nice service""",Positive,5.0
2022-11-20,India,"""Worst flight I have even taken""",Negative,1.0
2022-11-20,United Kingdom,"""The food was good""",Positive,5.0
2022-11-19,United Kingdom,"""Never going to fly with them again""",Neutral,2.5
2022-11-16,United States,"""Food quality was extremely poor""",Negative,1.0
2022-11-10,Canada,"""Worst airline ever""",Negative,1.0
2022-11-09,India,"""there was no decent meal available""",Neutral,2.5
2022-11-05,Canada,"""Very poor service""",Negative,1.0
2022-11-05,India,"""great value for money"" ",Positive,5.0
2022-11-05,India,"""Good experience"" ",Positive,5.0
2022-11-04,India,"""a very comfortable experience""",Positive,5.0
2022-11-04,United Arab Emirates,"""ticket was cheaper by 40%""",Neutral,2.5
2022-11-01,United States,"""do not care for their customers""",Positive,5.0
2022-10-25,United States,"""seats were very uncomfortable""",Negative,1.0
2022-10-24,Canada,"""Airport staff is not trained well""",Neutral,2.5
2022-10-22,Canada,"2seats are broken in business class""",Neutral,2.5
2022-10-20,India,"""Don’t fly Air India""",Neutral,2.5
2022-10-19,United Kingdom,"""very poor experience""",Negative,1.0
2022-10-19,Australia,"""very customer friendly""",Positive,5.0
2022-10-18,India,"""experience has been improving""",Positive,5.0
2022-10-17,United States,"""Flight is the worst""",Negative,1.0
2022-10-05,United Kingdom,"""plane was not cleaned properly""",Positive,5.0
2022-10-02,United Kingdom,"""Her polite behavior was amazing""",Positive,5.0
2022-09-30,India,"""smooth and comfortable flight""",Positive,5.0
2022-09-29,Australia,"""a great experience for us2",Positive,5.0
2022-09-28,India,"""Outdated aircraft""",Neutral,2.5
2022-09-22,United States,"""Will travel again""",Neutral,2.5
2022-09-21,India,"""Smooth experience""",Neutral,2.5
2022-09-20,India,"""offers 20kg baggage allowance""",Neutral,2.5
2022-09-20,United States,"""We had the worst experience""",Negative,1.0
2022-09-20,United Arab Emirates,"""The airline has improved""",Positive,5.0
2022-09-19,Australia,"""aircraft seats were torn and dirty""",Negative,1.0
2022-09-18,India,"""supposedly too late for boarding""",Neutral,2.5
2022-09-15,India,"""won't fly Air India again""",Neutral,2.5
2022-09-08,India,"""new ownership is interested in cutting costs""",Neutral,2.5
2022-09-07,Canada,"""Worst flight I ever had""",Negative,1.0
2022-08-30,India,"""Leg space was also very small""",Neutral,2.5
2022-08-29,Canada,"""Totally poor service""",Negative,1.0
2022-08-29,Canada,""" My seat stopped reclining""",Negative,1.0
2022-08-26,United States,"""I decided to not fly Air India again""",Neutral,2.5
2022-08-25,India,"""Air India will certainly be my last option""",Neutral,2.5
2022-08-24,India,"""not cleaned since many of the past flights""",Positive,5.0
2022-08-21,Japan,"""Overall good flight""",Positive,5.0
2022-08-20,India,"""Staff were courteous""",Positive,5.0
2022-08-19,United Kingdom,"""Very disappointed with Air India""",Negative,1.0
2022-08-18,Italy,"""I would recommend""",Neutral,2.5
2022-08-17,United Kingdom,"""It was a nightmare for us""",Neutral,2.5
2022-08-16,India,"""stewards were efficient""",Positive,5.0
2022-08-16,United States,"""seat is not functioning""",Neutral,2.5
2022-08-15,Japan,"""Crew was attentive""",Neutral,2.5
2022-08-12,Australia,"""not worth the risk of flying with them""",Negative,1.0
2022-08-11,Japan,"""providing low budget airline facilities""",Negative,1.0
2022-08-10,Canada,"""first and the last time on Air India""",Neutral,2.5
2022-08-07,Saudi Arabia,"""One of the worst experience""",Negative,1.0
2022-08-05,United States,"""Worst experience I have ever had""",Negative,1.0
2022-08-04,United States,"""not choose this airline""",Neutral,2.5
2022-08-03,United States,"""I would not recommend this airline""",Neutral,2.5
2022-08-01,Canada,"""a dilapidated and outdated aircraft""",Neutral,2.5
2022-07-31,United States,"""Never travel Air India""",Neutral,2.5
2022-07-24,Hong Kong,"""Absolute worst airline and service""",Negative,1.0
2022-07-22,Belgium,"""Do not fly with them""",Neutral,2.5
2022-07-22,Canada,"""This is the worst airline""",Negative,1.0
2022-07-09,Australia,"""It was a horror show""",Negative,1.0
2022-07-09,Taiwan,"""I am severely disappointed""",Negative,1.0
2022-07-07,Singapore,"""surprisingly had a pleasant experience""",Positive,5.0
2022-07-06,Australia,"""wouldn't choose to fly with Air India""",Neutral,2.5
2022-07-05,United Kingdom,"""relates to my lost luggage""",Negative,1.0
2022-07-04,Singapore,"""Horrible, horrible airline""",Negative,1.0
2022-06-30,United States,"""the worst customer service""",Negative,1.0
2022-06-23,Canada,"""cabin crew service was very rude""",Negative,1.0
2022-06-12,India,"""the worst airline""",Negative,1.0
2022-05-22,United Kingdom,"""rude, unhelpful and unapologetic""",Negative,1.0
2022-05-22,India,"""I was told that flight is overbooked""",Neutral,2.5
2022-05-21,United Kingdom,"""Just appalled by the poor service""",Negative,1.0
2022-05-17,United States,"""not able to contact customer service""",Neutral,2.5
2022-05-10,India,"""Overall a poor experience""",Negative,1.0
2022-05-09,France,"""first and last Air India experience""",Neutral,2.5
2022-05-07,Australia,"""found the flights enjoyable""",Positive,5.0
2022-05-04,United States,"""only 10% of the screens started working""",Neutral,2.5
2022-05-03,United States,"""None of the TVs worked and no WIFI""",Neutral,2.5
2022-05-02,Canada,"""I will never fly with Air India again""",Neutral,2.5
2022-05-01,Canada,"""bad experience with this flight""",Negative,1.0
2022-05-01,Canada,"""Horrible communication""",Negative,1.0
2022-04-30,India,"""be ready for a very stressful travel if you choose this Airline""",Negative,1.0
2022-04-30,Canada,"""Terrible customer support""",Negative,1.0
2022-04-30,United States,"""left stranded with very little options""",Neutral,2.5
2022-04-30,United Arab Emirates,"""entertainment screen wasn't working""",Positive,5.0
2022-04-28,United States,"""Not recommending anymore""",Neutral,2.5
2022-04-27,Kuwait,"""Very disappointed by the attitude""",Negative,1.0
2022-04-22,Canada,"""She was very unprofessional""",Negative,1.0
2022-04-11,Australia,"""like to appreciate the ground staff""",Positive,5.0
2022-04-06,United States,"""It was the worst experience""",Negative,1.0
2022-04-05,United Kingdom,"""this was the worst experience""",Negative,1.0
2022-04-04,United States,"""One of the worst experiences""",Negative,1.0
2022-04-03,United Kingdom,"""nothing seems to have changed under the new ownership""",Neutral,2.5
2022-04-03,United Kingdom,"""did not have pillows for passengers""",Neutral,2.5
2022-03-28,Canada,"""Never again Air India in my life""",Neutral,2.5
2022-03-28,Canada,"""a totally chaotic experience""",Negative,1.0
2022-03-26,Canada,"""the food was the worst I’ve ever had""",Negative,1.0
2022-03-25,United States,"""Absolute worst flight experience""",Negative,1.0
2022-03-22,India,"""an alternative flight was also not arranged""",Neutral,2.5
2022-03-22,Australia,"""most mediocre Business class""",Neutral,2.5
2022-03-14,United States,"""doesn't care in the least about customer service""",Positive,5.0
2022-03-13,India,"""In flight meal was good""",Positive,5.0
2022-03-12,India,"""sublime torture on this 15.5 hour journey""",Negative,1.0
2022-03-07,Canada,"""No entertainment on 16 hr flight""",Positive,5.0
2022-03-07,Canada,"""Worst flight experience ever""",Negative,1.0
2022-03-03,Australia,"""no proper accommodation provided""",Neutral,2.5
2022-03-02,United States,"""do not recommend anyone to fly Air India""",Neutral,2.5
2022-02-28,United States,"""plane was filthy,  entertainment non existent""",Positive,5.0
2022-02-14,Oman,"""waiting for refund since last 1 year""",Neutral,2.5
2022-02-05,India,"""a great short flight""",Positive,5.0
2022-01-25,Italy,"""not recommend anybody to travel with them""",Neutral,2.5
2022-01-16,United States,"""Customer care support is worst""",Neutral,2.5
2022-01-12,France,"""haven’t been able to refund me""",Neutral,2.5
2022-01-12,United Arab Emirates,"""told now the change fee had increased""",Neutral,2.5
2022-01-05,India,"""Never travel with Air India again""",Neutral,2.5
2022-01-04,Australia,"""Booking a ticket online is such a pain""",Negative,1.0
2021-12-19,United States,"""I would say to not fly Air India """,Neutral,2.5
2021-12-12,Canada,"""Absolute horrendous experience!",Negative,1.0
2021-12-10,Canada,"""Boarding delay and nothing but chaos""",Neutral,2.5
2021-12-07,Canada,"""there is absolutely no clue what is going on""",Neutral,2.5
2021-12-05,United Arab Emirates,"""Worst customer service experience""",Negative,1.0
2021-12-02,Australia,"""not worth the money at all""",Neutral,2.5
2021-12-02,India,"""good experience on this short sector""",Positive,5.0
2021-12-01,Denmark,"""customer support has been absolutely pathetic""",Negative,1.0
2021-11-28,India,"""worst experience with this airline""",Negative,1.0
2021-11-27,Canada,"""the worst experience""",Negative,1.0
2021-11-24,Canada,"""they were not aware about the rule""",Neutral,2.5
2021-11-16,India,"""lack of processes and untrained ground staff""",Negative,1.0
2021-11-15,United Kingdom,"""Air India repeatedly disappoints""",Negative,1.0
2021-11-14,India,"""I never recommend Air India to anyone""",Negative,1.0
2021-10-26,United Kingdom,"""the most disappointing experience""",Negative,1.0
2021-10-24,India,"""Services have downgraded tremendously""",Neutral,2.5
2021-10-22,Qatar,"""don't have spaceto put my luggage""",Neutral,2.5
2021-10-21,United Kingdom,"""bad experience with any airline""",Negative,1.0
2021-10-17,India,"""Would not recommend Air India""",Neutral,2.5
2021-10-14,India,"""a wonderful experience""",Positive,5.0
2021-10-14,Canada,"""unprofessional and rude customer service""",Negative,1.0
2021-10-11,India,"""it has not been refunded""",Neutral,2.5
2021-10-11,India,"""he made sure I was all okay""",Positive,5.0
2021-09-29,India,"""most terrible experience ever""",Negative,1.0
2021-09-14,Canada,"""It was a nightmare""",Neutral,2.5
2021-09-12,United States,"""Absolute nightmare""",Neutral,2.5
2021-09-11,India,"""they said that boarding is closed.""",Neutral,2.5
2021-08-12,India,"""assigned my seat to someone else""",Neutral,2.5
2021-08-09,United States,"""there was no hygiene""",Neutral,2.5
2021-08-08,India,"""How can this airline treat passengers so casually?""",Positive,5.0
2021-07-21,India,"""amount is not refundable""",Neutral,2.5
2021-07-11,Canada,"""not refunding the money""",Neutral,2.5
2021-07-07,United States,"""good for nothing customer support""",Neutral,2.5
2021-06-29,Canada,"""significant delay in refunding money""",Negative,1.0
2021-06-21,United Arab Emirates,"""Is this airline out of their minds?""",Neutral,2.5
2021-06-17,India,"""their services are so pathetic""",Negative,1.0
2021-05-01,Germany,"""Air India just doesn't care""",Positive,5.0
2021-05-01,United States,"""seats are not comfortable""",Positive,5.0
2021-04-30,United Kingdom,"""Don’t ever use Air India""",Neutral,2.5
2021-04-26,United States,"""Worst experience ever""",Negative,1.0
2021-04-08,India,"""The worst customer service""",Negative,1.0
2021-03-28,United States,"""nearly 14 hrs without any entertainment""",Negative,1.0
2021-03-27,United Kingdom,"""phone chargers should be available""",Neutral,2.5
2021-03-18,United States,"""the product is really sub par""",Neutral,2.5
2021-03-15,United States,"""charged me 5040 rupees for 8kg""",Neutral,2.5
2021-03-14,India,"""it was worth the value""",Positive,5.0
2021-03-01,India,"""charged Rs 20,000 for luggage weight""",Neutral,2.5
2021-02-15,India,"""flight has been re-scheduled three times""",Neutral,2.5
2021-02-11,Canada,"""Not following protocols or any rules""",Neutral,2.5
2021-01-31,India,"""the inflight experience was quite nice""",Positive,5.0
2021-01-26,India,"""Worst staff behaviour ever!""",Negative,1.0
2021-01-23,India,"""such a terrible experience""",Negative,1.0
2021-01-15,India,"""Such a terrible airline""",Negative,1.0
2021-01-09,Hong Kong,"""Completely disgusted with my experience2",Negative,1.0
2021-01-08,India,"""bad experience as always""",Negative,1.0
2021-01-02,Canada,"""was our worst experience""",Negative,1.0
2020-12-29,India,"""highlight the zeal and enthusiasm""",Positive,5.0
2020-12-29,Australia,"""34 days with no sign of refund""",Neutral,2.5
2020-12-06,Canada,"""Terrible service""",Negative,1.0
2020-12-05,Canada,"""they didn’t even say sorry""",Negative,1.0
2020-10-22,United States,"""been waiting for almost 31 days now""",Neutral,2.5
2020-08-16,India,"""fares were quite reasonable""",Neutral,2.5
2020-07-28,India,"""horrible seats""",Negative,1.0
2020-07-13,Switzerland,"""moved down to Economy""",Neutral,2.5
2020-07-08,New Zealand,"""unacceptable and inhuman""",Negative,1.0
2020-06-30,Sweden,"""worst customer care service""",Negative,1.0
2020-06-27,India,"""Very poor service provider""",Negative,1.0
2020-06-14,India,"""still happening to run flights""",Neutral,2.5
2020-06-14,India,"""Air India flights were operating""",Neutral,2.5
2020-06-10,New Zealand,"""they didn't show any empathy""",Neutral,2.5
2020-06-06,United States,"""Most unethical airline""",Negative,1.0
2020-05-26,India,"""don't go by this airline at all""",Neutral,2.5
2020-05-22,United States,"""ancellation charges are $350/person""",Neutral,2.5
2020-05-05,United States,"""400$ per ticket for cancellation""",Neutral,2.5
2020-04-17,Canada,"""charging $525 CAD cancellation fees""",Neutral,2.5
2020-04-14,United States,"""charging $400 cancellation fees""",Neutral,2.5
2020-04-08,India,"""very irresponsible""",Negative,1.0
2020-04-01,Australia,"""seat was comfortable""",Positive,5.0
2020-03-24,Australia,"""third-rated airline""",Neutral,2.5
2020-03-23,United Arab Emirates,"""No basic assistance was offered""",Neutral,2.5
2020-03-21,Australia,"""Not a good 12-13 hour flight""",Positive,5.0
2020-03-17,France,"""Worst airline ever""",Negative,1.0
2020-03-17,Spain,"""you will regret it""",Negative,1.0
2020-03-08,Sweden,"""airplane felt 20 years old""",Neutral,2.5
2020-03-06,United Kingdom,"""old and tatty planes""",Neutral,2.5
2020-03-06,India,"""never fly with Air India""",Neutral,2.5
2020-03-04,Canada,"""We had the worst experience""",Negative,1.0
2020-03-02,India,"""Very bad experience""",Negative,1.0
2020-03-01,United Kingdom,"""the worst treatment we have""",Negative,1.0
2020-02-21,United Kingdom,"""check-in process a disaster""",Negative,1.0
2020-02-19,United States,"""audio input was broken""",Neutral,2.5
2020-02-18,India,"""staff were really caring and helpful""",Positive,5.0
2020-02-18,United States,"""leg space was sufficient""",Neutral,2.5
2020-02-15,India,"""co-operative staff""",Neutral,2.5
2020-02-13,Italy,"""Do not fly with this company""",Neutral,2.5
2020-02-10,India,"""never fly with this airline""",Neutral,2.5
2020-02-06,Australia,"""Such a disgraceful service""",Neutral,2.5
2020-02-02,Canada,"""it was really a perfect flight""",Positive,5.0
2020-02-02,India,"""The worst flight experience""",Negative,1.0
2020-01-24,India,"""gate staff and the cabin crew were uninterested""",Neutral,2.5
2020-01-15,Canada,"""a terrible airline""",Negative,1.0
2020-01-11,United States,"""never recommend this airline""",Negative,1.0
2020-01-09,Canada,"""company and staff are joke""",Neutral,2.5
2019-12-31,Australia,""" experience was terrible""",Negative,1.0
2019-12-30,Canada,"""his seat was falling apart""",Neutral,2.5
2019-12-21,Austria,"""treated us very poorly""",Neutral,2.5
2019-12-20,Australia,"""had a very good flight""",Positive,5.0
2019-12-18,India,"""I have not received my luggage""",Neutral,2.5
2019-12-18,United Kingdom,"""no seat for us on the plane""",Neutral,2.5
2019-12-10,India,"""the worst airline""",Negative,1.0
2019-12-10,Bangladesh,"""a pathetic experience""",Negative,1.0
2019-12-09,India,"""allocated seats in different rows""",Neutral,2.5
2019-12-09,Nepal,"""good in developing rapport""",Positive,5.0
2019-12-08,Bangladesh,"""Never flying again""",Neutral,2.5
2019-12-06,India,"""Very bad customer service""",Negative,1.0
2019-12-05,India,"""experience is positive""",Positive,5.0
2019-12-03,United Kingdom,"""worst customer service ever""",Negative,1.0
2019-12-02,Canada,"""Worst nightmare of the life""",Negative,1.0
2019-12-01,Oman,""" 3 hour delay in my flight""",Negative,1.0
2019-12-01,United Kingdom,"""Very pathetic service""",Negative,1.0
2019-12-01,United Kingdom,"""No information, advice, attention""",Neutral,2.5
2019-11-30,Australia,"""plane's interior was rather tired""",Negative,1.0
2019-11-29,Australia,"""worse than a budget airline""",Negative,1.0
2019-11-27,United Kingdom,"""Don't expect too much""",Neutral,2.5
2019-11-26,Germany,"""backrest was too short""",Neutral,2.5
2019-11-25,United Kingdom,"""IFE screens were not working""",Neutral,2.5
2019-11-19,India,"""Zero for time punctuality""",Neutral,2.5
2019-11-19,Australia,"""terrible service. Never again""",Negative,1.0
2019-11-18,Canada,"""The worst flight""",Negative,1.0
2019-11-13,United Kingdom,"""not be using this airline again.",Neutral,2.5
2019-11-13,South Korea,"""worst international airline experience""",Negative,1.0
2019-11-08,United Kingdom,""" Worst flight experience ever""",Negative,1.0
2019-11-08,United States,"""business model is unsustainable""",Neutral,2.5
2019-11-04,United Arab Emirates,"""temperature was very low""",Negative,1.0
2019-11-01,United Kingdom,"""wouldn't recommend this airline""",Neutral,2.5
2019-10-28,Sri Lanka,"""crew was helpful and pleasant""",Positive,5.0
2019-10-27,India,"""fourth time flight delayed""",Negative,1.0
2019-10-23,India,"""was good and comfortable""",Positive,5.0
2019-10-23,India,"""those 14 hours was a nightmare""",Neutral,2.5
2019-10-22,India,"""disappointed with the treatment""",Negative,1.0
2019-10-17,India,"""please take care of such types of inconvenience""",Positive,5.0
2019-10-16,India,"""a comfortable flight""",Positive,5.0
2019-10-15,United Kingdom,"""Crew was not helpful at all""",Positive,5.0
2019-10-10,Nepal,"""The food was ridiculous""",Negative,1.0
2019-10-10,Nepal,"""inflight meal was ridiculous""",Negative,1.0
2019-09-27,United Arab Emirates,"""spending 45 min in that queue""",Neutral,2.5
2019-09-27,India,"""not ready to allow a single gram""",Positive,5.0
2019-09-26,United Arab Emirates,"""Overall not a bad airline""",Negative,1.0
2019-09-25,United Kingdom,"""the experience was shocking""",Negative,1.0
2019-09-25,India,"""comfortable early morning flight""",Positive,5.0
2019-09-24,United Arab Emirates,"""Overall okay experience""",Neutral,2.5
2019-09-24,United Arab Emirates,"""Aircraft was in shabby condition""",Neutral,2.5
2019-09-22,India,"""an enjoyable and comfortable flight experience""",Positive,5.0
2019-09-18,United Kingdom,"""non working air conditioning""",Neutral,2.5
2019-09-17,India,"""Hot and highly uncomfortable""",Negative,1.0
2019-09-08,India,"""Air India has the worst aircraft""
",Negative,1.0
2019-08-27,United Kingdom,"""penalised for their incompetence""",Negative,1.0
2019-08-24,Germany,"""never Air India again""",Neutral,2.5
2019-08-22,Norway,"""""Worst customer service ever experienced""",Negative,1.0
2019-08-19,India,"""never recommend Air India""",Negative,1.0
2019-08-16,Australia,"""Pleasantly surprised""",Positive,5.0
2019-08-13,India,"""Worst flight service""",Negative,1.0
2019-08-10,United States,"""keep 3 yr old without parent""",Neutral,2.5
2019-08-06,United Kingdom,"""worst flight I've been on""",Negative,1.0
2019-07-29,India,"""I had a great Flight""",Positive,5.0
2019-07-24,Australia,"""pleasantly surprised""",Positive,5.0
2019-07-24,India,"""Crazy long waiting time""",Negative,1.0
2019-07-19,United States,"""rudeness was appalling""",Negative,1.0
2019-07-17,India,"""great value for money""",Positive,5.0
2019-07-07,United States,"""never flying with them again""",Neutral,2.5
2019-07-05,United States,"""not recommend this airline""",Neutral,2.5
2019-07-03,United States,"""Horrible Service""",Negative,1.0
2019-07-02,India,"""attendants were attentive""",Neutral,2.5
2019-07-02,India,"""save yourself all this trouble""",Neutral,2.5
2019-06-22,United States,"""never fly Air India""",Neutral,2.5
2019-06-19,Taiwan,"""Worst of the worst""",Negative,1.0
2019-06-18,India,"""didn’t sleep until 4am""",Neutral,2.5
2019-06-17,India,"""don't choose Air India""",Neutral,2.5
2019-06-17,Singapore,"""Horrible experience""",Negative,1.0
2019-06-16,Australia,"""what is the value of the customer""",Neutral,2.5
2019-06-14,United Arab Emirates,"""not provided the infant carrier""",Neutral,2.5
2019-06-10,Germany,"""sad with Service""",Negative,1.0
2019-06-10,Colombia,"""poor traveling experience""",Negative,1.0
2019-06-10,Singapore,"""very disappointed""",Negative,1.0
2019-06-09,India,"""this was the worst experience""",Negative,1.0
2019-06-09,United States,"""i would never recommend""",Negative,1.0
2019-06-09,Switzerland,"""till today I still have no answer""",Neutral,2.5
2019-06-08,United States,"""option for no star at all""",Neutral,2.5
2019-06-07,India,"""pathetic service of Air India""",Negative,1.0
2019-06-06,Italy,"""`total lack of respect """,Neutral,2.5
2019-06-04,Australia,"""not flying with Air India again""",Neutral,2.5
2019-05-31,India,"""would fly air India again""",Neutral,2.5
2019-05-21,United States,"""has to wait in Delhi for 12 hours""",Neutral,2.5
2019-05-20,Denmark,"""The service is very poor""",Negative,1.0
2019-05-13,India,"""free baggage allowance""",Positive,5.0
2019-05-13,United States,"""I would rate them 0/10""",Neutral,2.5
2019-05-10,Australia,"""two excellent flight experiences""",Positive,5.0
2019-05-06,United States,"""Overall it was horrible""",Negative,1.0
2019-05-04,France,"""my worst flying experience""",Negative,1.0
2019-05-04,India,"""Ground staff is rude""",Negative,1.0
2019-05-04,Portugal,"""ruined our vacation plans""",Negative,1.0
2019-05-03,India,"""Chinese carriers are better""",Neutral,2.5
2019-05-02,India,"""food was amazing""",Positive,5.0
2019-05-01,India,"""cabin staff were rude""",Negative,1.0
2019-05-01,Australia,"""Terrible communications and poor service""",Negative,1.0
2019-05-01,India,"""one of the better flights """,Positive,5.0
2019-04-29,Australia,"""An excellent flight""",Positive,5.0
2019-04-28,India,"""cabin was very fresh and clean""",Positive,5.0
2019-04-28,India,"""never opt for Air India""",Neutral,2.5
2019-04-24,India,"""a very bad experience""",Negative,1.0
2019-04-19,Australia,"""such a poor service""",Negative,1.0
2019-04-14,United States,"""reckless handling customers""",Negative,1.0
2019-04-14,United States,"""customer service is unacceptable""",Negative,1.0
2019-04-09,New Zealand,"""inflight services were pathetic""",Negative,1.0
2019-04-04,India,"""Excellent service""",Positive,5.0
2019-04-02,United States,"""Poor Customer Service""",Negative,1.0
2019-03-31,United Kingdom,"""It is an absolute joke""",Neutral,2.5
2019-03-30,India,"""delays still affecting Air India""",Negative,1.0
2019-03-30,India,"""great value for money""",Positive,5.0
2019-03-29,Spain,"""We had a flight canceled""",Negative,1.0
2019-03-29,India,"""flights were pretty decent""",Positive,5.0
2019-03-28,Thailand,"""it's going to be worse""",Negative,1.0
2019-03-21,Czech Republic,"""was pleasantly surprised""",Positive,5.0
2019-03-20,Nepal,"""impolite, lack hospitality""",Negative,1.0
2019-03-17,India,"""one of Air India's best products""",Positive,5.0
2019-03-17,India,"""everything went well""",Neutral,2.5
2019-03-14,India,"""unhelpful, lazy staff""",Negative,1.0
2019-03-11,Australia,"""not recommend anyone to use""",Neutral,2.5
2019-03-06,India,"""not received wheelchair""",Neutral,2.5
2019-03-04,United Kingdom,"""she said we can get refund""",Neutral,2.5
2019-03-03,India,"""a wonderful airline""",Positive,5.0
2019-03-03,India,"""very old with torn seat covers""",Negative,1.0
2019-03-01,Canada,"""I had a terrible experience""",Negative,1.0
2019-02-27,United States,"""access to board flight denied""",Negative,1.0
2019-02-26,Canada,"""no morals, no courtesy""",Neutral,2.5
2019-02-25,United States,"""waiting for wheel chair""",Neutral,2.5
2019-02-24,Poland,"""Avoid this airlines at all cost""",Negative,1.0
2019-02-23,Hong Kong,"""a pleasant experience""",Positive,5.0
2019-02-21,United States,"""passenger helped my grandmother""",Positive,5.0
2019-02-10,India,"""continue to fly with them""",Neutral,2.5
2019-02-10,India,"""exceeded expectations""",Neutral,2.5
2019-02-10,Denmark,"""absolutely horrible catering""",Negative,1.0
2019-02-08,United States,"""never been treated so badly""",Neutral,2.5
2019-02-06,India,"""service took ages to start""",Neutral,2.5
2019-02-05,United States,"""worst international airline""",Negative,1.0
2019-02-04,Denmark,"""Air India blacklisted forever""",Neutral,2.5
2019-01-24,Denmark,"""crew friendly but rather hopeless""",Neutral,2.5
2019-01-23,United States,"""by far the dirtiest planes""",Negative,1.0
2019-01-19,Canada,"""Never fly Air India""",Neutral,2.5
2019-01-17,United States,"""incompetent and very rude""",Negative,1.0
2019-01-16,Qatar,"""given wrong information by staff""",Negative,1.0
2019-01-15,United Kingdom,"""staff surly and unfriendly""",Negative,1.0
2019-01-14,United States,"""never fly Air India again""",Neutral,2.5
2019-01-12,United States,"""unbelievably poor airline""",Negative,1.0
2019-01-07,Philippines,"""I can't recommend""",Neutral,2.5
2019-01-06,United States,"""treated like garbage""",Positive,5.0
2019-01-02,United States,"""does not care about quality""",Positive,5.0
2019-01-02,Saudi Arabia,"""pushed to fly in Economy""",Neutral,2.5
2019-01-01,India,"""provides a good solid product""",Positive,5.0
2018-12-26,United States,"""airline is a disgrace to India""",Negative,1.0
2018-12-23,India,"""a pretty solid airline""",Positive,5.0
2018-12-23,India,"""update their customer service""",Neutral,2.5
2018-12-16,United States,"""worst airline I ever flew""",Negative,1.0
2018-12-10,Canada,"""horrible customer service""",Negative,1.0
2018-12-05,United States,"""Lazy in-flight crew""",Negative,1.0
2018-11-26,India,"""unclean, untimely airline"" ",Neutral,2.5
2018-11-22,India,"""Excellent customer service""",Positive,5.0
2018-11-22,India,"""crew was the best""",Positive,5.0
2018-11-08,India,"""Overall, very nice experience""",Positive,5.0
2018-10-27,India,"""I was just 2-3 mins late""",Neutral,2.5
2018-10-19,India,"""Never taking Air India again""",Neutral,2.5
2018-10-16,United Kingdom,"""they do not update the movies""",Neutral,2.5
2018-10-16,United States,"""Worst flight experience""",Negative,1.0
2018-10-16,Thailand,"""utterly ridiculous""",Negative,1.0
2018-10-15,India,"""The flight was the worst""",Negative,1.0
2018-10-09,India,"""flight standard and uneventful""",Neutral,2.5
2018-09-30,India,"""crew was very courteous""",Positive,5.0
2018-09-29,India,"""rude and arrogant to clients""",Negative,1.0
2018-09-25,United States,"""my first and last trip""",Neutral,2.5
2018-09-17,Germany,"""would take Air India again""",Neutral,2.5
2018-09-16,United States,"""a pretty good flight""",Positive,5.0
2018-08-16,United States,"""bag was still stuck in Jaipur""",Neutral,2.5
2018-08-06,Portugal,"""lack of cleaning""",Negative,1.0
2018-07-31,United Kingdom,"""Very disappointing trip""",Negative,1.0
2018-07-31,Singapore,"""cabin crew were largely professional""",Neutral,2.5
2018-07-30,Singapore,"""food was largely average""",Neutral,2.5
2018-07-30,Canada,"""the legroom was excellent""",Positive,5.0
2018-07-28,United States,"""experience was terrible""",Negative,1.0
2018-07-22,India,"""friendly and courteous""",Positive,5.0
2018-07-22,India,"""not customer friendly""",Positive,5.0
2018-07-19,India,"""worst of all flights""",Negative,1.0
2018-07-03,United Kingdom,"""Worst airline, worst service""",Negative,1.0
2018-07-02,Germany,"""a very good experience""",Positive,5.0
2018-07-01,India,"""certainly recommend you""",Positive,5.0
2018-06-29,Germany,"""It is just not a good airline""",Positive,5.0
2018-06-22,United States,"""totally dissatisfied""",Negative,1.0
2018-06-18,Nepal,"""Save yourself some misery""",Negative,1.0
2018-06-17,United Arab Emirates,"""better than expectation""",Positive,5.0
2018-06-12,United States,"""they would not board me""",Neutral,2.5
2018-06-07,Australia,"""nightmarish experience""",Neutral,2.5
2018-05-31,United States,"""our bags didn't arrive""",Neutral,2.5
2018-05-28,New Zealand,"""very friendly and attentive""",Positive,5.0
2018-05-24,Thailand,"""incompetent and unprofessional""",Negative,1.0
2018-05-18,India,"""You guys are not worth it""",Neutral,2.5
2018-05-14,United Kingdom,"""made us feel extremely unwelcome""",Negative,1.0
2018-05-14,India,"""What a horrible airline""",Negative,1.0
2018-05-09,United Arab Emirates,"""Overall happy with them""",Positive,5.0
2018-05-09,United States,"""asking me the Singapore visa""",Neutral,2.5
2018-04-27,Netherlands,"""customer service was therefore quite poor""",Negative,1.0
2018-04-24,United States,"""worst experiences ever""",Negative,1.0
2018-04-23,Singapore,"""far from acceptable standards""",Neutral,2.5
2018-04-23,India,"""The staff were courteous""",Positive,5.0
2018-04-08,Malaysia,"""Not up to standard at all""",Neutral,2.5
2018-04-04,Germany,"""was a pleasant experience""",Positive,5.0
2018-04-01,United States,"""never travel Air India again""",Neutral,2.5
2018-03-27,India,"""an unhappy experience""",Negative,1.0
2018-03-18,India,"""signs of age were visible""",Neutral,2.5
2018-03-18,India,"""crew were very friendly""",Positive,5.0
2018-03-17,India,"""no inflight entertainment""",Positive,5.0
2018-03-12,Canada,"""happy with the flying experience""",Positive,5.0
2018-03-11,United States,"""There are better airlines to fly""",Positive,5.0
2018-02-25,Canada,"""happy with flight and service""",Positive,5.0
2018-02-24,Bangladesh,"""Overall experience was really good""",Positive,5.0
2018-02-19,Japan,"""definitely not recommend""",Positive,5.0
2018-02-16,India,"""delayed by 4 hours""",Negative,1.0
2018-02-15,Nepal,"""lost a customer for life""",Negative,1.0
2018-02-09,India,"""No value of time""",Neutral,2.5
2018-02-05,India,"""the whole Air India team was welcoming""",Positive,5.0
2018-02-04,United States,"""behaved as if they doing us a favour""",Positive,5.0
2018-02-03,United States,"""crew barely smiled""",Neutral,2.5
2018-02-02,United Kingdom,"""poor performance of cabin crew""",Negative,1.0
2018-01-31,France,"""worst company of all time""",Negative,1.0
2018-01-28,United Kingdom,"""The staff were dreadful""",Negative,1.0
2018-01-27,United States,"""never recommend this airline""",Negative,1.0
2018-01-24,United Kingdom,"""the service was the worst""",Negative,1.0
2018-01-16,United States,"""It’s only negative vibes""",Negative,1.0
2018-01-10,United States,"""Excellent leg room""",Positive,5.0
2018-01-08,Canada,"""Avoid this joke of an airline""",Neutral,2.5
2018-01-05,United Kingdom,"""bad customer service""",Negative,1.0
2017-12-26,United States,"""was placed in a middle seat""",Neutral,2.5
2017-12-25,United States,"""entertainment not working""",Positive,5.0
2017-12-24,United States,"""service is very good""",Positive,5.0
2017-12-17,Spain,"""Worst cabin crew ever""",Negative,1.0
2017-12-10,United Kingdom,"""good leg space in economy""",Positive,5.0
2017-12-08,Hong Kong,"""Overall a good airline""",Positive,5.0
2017-12-08,United States,"""never flying Air India again""",Neutral,2.5
2017-12-01,India,"""had a miserable experience""",Negative,1.0
2017-11-30,Australia,"""Service was so so""",Neutral,2.5
2017-11-29,Germany,"""has improved considerably""",Positive,5.0
2017-11-25,Australia,"""Poor quality of service""",Negative,1.0
2017-11-23,India,"""changed my seat in very last minute""",Neutral,2.5
2017-11-20,Hong Kong,"""not bad food, terrible service""",Negative,1.0
2017-11-19,United States,"""flight service is as usual worse""",Negative,1.0
2017-11-12,United States,"""cabin crew was nice""",Positive,5.0
2017-10-31,India,"""not reflective of our culture""",Neutral,2.5
2017-10-28,United Kingdom,"""worst flight experience""",Negative,1.0
2017-10-22,India,"""Worst experience ever""",Negative,1.0
2017-10-19,United States,"""leg space was amazing""",Positive,5.0
2017-10-17,Canada,"""enjoyed the hospitality""",Positive,5.0
2017-10-17,Canada,"""An excellent service""",Positive,5.0
2017-10-16,United Arab Emirates,"""crew were absolutely superb""",Positive,5.0
2017-10-13,India,"""half hearted attitude""",Neutral,2.5
2017-09-25,India,"""meal served filling and sufficient""",Neutral,2.5
2017-09-25,United Kingdom,"""exceeded our expectations""",Neutral,2.5
2017-09-18,United Kingdom,"""cabins were grubby""",Neutral,2.5
2017-09-13,United Kingdom,"""consider Air India in future""",Neutral,2.5
2017-09-10,United States,"""Service is bad""",Negative,1.0
2017-09-08,Canada,"""Staff were courteous""",Positive,5.0
2017-09-08,India,"""Would travel with them again""",Neutral,2.5
2017-09-05,India,"""inconsistency stands out""",Neutral,2.5
2017-08-26,India,"""Would fly again with Air India""",Neutral,2.5
2017-08-25,India,"""pleasantly happy with the experience""",Positive,5.0
2017-08-25,Saudi Arabia,"""the worst experience""",Negative,1.0
2017-08-21,Hong Kong,"""lack of basic customer service """,Negative,1.0
2017-08-15,United Kingdom,"""Air India exceeded my expectations""",Neutral,2.5
2017-08-12,Spain,"""the cabin crew were unhelpful to say the least""",Neutral,2.5
2017-08-12,United Kingdom,"""the flight from hell""",Negative,1.0
2017-07-30,United Kingdom,"""would not fly Air India again """,Neutral,2.5
2017-07-20,United Kingdom,"""very nicely surprised""",Positive,5.0
2017-07-16,France,"""comfort and legroom were good""",Positive,5.0
2017-07-11,United States,"""Excellent crew""",Positive,5.0
2017-07-05,India,"""with a delay of 1.5 hrs""",Negative,1.0
2017-07-02,India,"""it was all downhill""",Neutral,2.5
2017-07-01,United States,"""Air India always runs late""",Neutral,2.5
2017-07-01,India,"""good value for money""",Positive,5.0
2017-06-30,Saudi Arabia,"""Not a pleasant experience""",Positive,5.0
2017-06-17,India,"""excellent service by the cabin crew""",Positive,5.0
2017-06-13,India,"""my preferred choice in Economy when possible""",Neutral,2.5
2017-06-01,India,"""tasty, sumptuous breakfast""",Neutral,2.5
2017-05-21,India,"""the food was excellent""",Positive,5.0
2017-05-18,United Kingdom,"""way they serve hot drink is scary""",Negative,1.0
2017-05-10,United States,"""on-board experience was okay""",Neutral,2.5
2017-05-10,United Kingdom,"""Air India is really low grade""",Negative,1.0
2017-05-04,United Kingdom,"""happy with the service""",Positive,5.0
2017-05-02,United States,"""Service was not a top priority""",Neutral,2.5
2017-04-26,India,"""with nice friendly crew""",Positive,5.0
2017-04-26,India,"""I would recommend this airline""",Neutral,2.5
2017-04-20,United States,"""has such poor standards""",Negative,1.0
2017-04-20,India,"""thumbs up to the staff""",Neutral,2.5
2017-04-20,United States,"""Very authentic Indian food""",Neutral,2.5
2017-04-13,India,"""food and staff service was good""",Positive,5.0
2017-04-13,United Arab Emirates,"""appreciate the ground staff""",Positive,5.0
2017-03-27,United States,"""complaint is about ground personnel""",Negative,1.0
2017-03-26,United Kingdom,"""an old Boeing 777, dirty interior""",Negative,1.0
2017-03-14,United Kingdom,"""our experience was very positive""",Positive,5.0
2017-03-13,United Kingdom,"""received a particularly poor experience""",Negative,1.0
2017-03-11,United Kingdom,"""was a horrible experience""",Negative,1.0
2017-03-06,United States,"""bathrooms were just gross""",Negative,1.0
2017-03-04,United Kingdom,"""a simply awful carrier""",Negative,1.0
2017-02-06,United Kingdom,"""everything was an effort""",Neutral,2.5
2017-01-25,Australia,"""worst experience ever""",Negative,1.0
2017-01-20,United Kingdom,"""friendly, patient, efficient cabin crew""",Positive,5.0
2017-01-14,India,"""the crew were polite to passengers""",Neutral,2.5
2017-01-12,United Kingdom,"""service was really good""",Positive,5.0
2017-01-08,Italy,"""food was actually very good""",Positive,5.0
2017-01-05,Germany,"""cabin crew was very helpful""",Positive,5.0
2016-12-31,United States,"""don't recommend this carrier""",Neutral,2.5
2016-12-26,South Africa,"""departed and landed on time""",Neutral,2.5
2016-12-21,United Kingdom,"""very efficient and friendly""",Positive,5.0
2016-12-21,United Kingdom,"""a decent flying experience""",Neutral,2.5
2016-12-12,United Kingdom,"""service on both flights was quite basic""",Neutral,2.5
2016-12-08,United States,"""refund took 8 months""",Neutral,2.5
2016-12-05,United States,"""food was mostly unappealing""",Neutral,2.5
2016-11-28,United States,"""seats were comfortable""",Positive,5.0
2016-11-28,United Kingdom,"""experience was acceptable""",Neutral,2.5
2016-11-24,India,"""overall very disappointed""",Negative,1.0
2016-11-23,New Zealand,"""wasn't as horrifying as I'd expected""",Negative,1.0
2016-11-18,New Zealand,"""found the staff cold, unfriendly and never smiled once""",Negative,1.0
2016-11-11,India,"""the aircraft itself has to improve""",Positive,5.0
2016-11-08,India,"""plane is not good enough""",Positive,5.0
2016-11-07,New Zealand,"""a very unpleasant trip""",Negative,1.0
2016-11-07,United Kingdom,"""harassed by the airline""",Negative,1.0
2016-11-03,United Kingdom,"""the flight was perfect""",Positive,5.0
2016-11-01,Iceland,"""a wonderful experience""",Positive,5.0
2016-10-29,India,"""a wonderful flight""",Positive,5.0
2016-10-29,India,"""flight was very comfortable""",Positive,5.0
2016-10-19,United States,"""no concept of business class priority boarding""",Neutral,2.5
2016-09-26,Singapore,"""I love the service and food""",Positive,5.0
2016-09-24,Australia,"""Overall, better than expected""",Positive,5.0
2016-09-24,India,"""All together good experience""",Positive,5.0
2016-09-09,India,"""the crew was the rudest""",Negative,1.0
2016-09-08,United States,"""disappointed with the whole thing""",Negative,1.0
2016-09-01,India,"""overall, a pleasant experience""",Positive,5.0
2016-09-01,India,"""pathetic service by Air India""",Negative,1.0
2016-08-23,Germany,"""flight experience was within my expectations""",Neutral,2.5
2016-08-20,India,"""food quality and taste was great""",Positive,5.0
2016-08-16,United Kingdom,"""left very disappointed with the product""",Negative,1.0
2016-08-09,Nepal,"""a below average experience""",Neutral,2.5
2016-07-22,India,"""we are stuck with this""",Neutral,2.5
2016-07-18,India,"""a very pelasant experience""",Neutral,2.5
2016-07-12,United Kingdom,"""cabin crew were attentive""",Neutral,2.5
2016-07-05,Singapore,"""excellent by economy standards""",Positive,5.0
2016-07-05,India,"""experience was surprisingly nice""",Positive,5.0
2016-06-11,India,"""portions were adequate""",Neutral,2.5
2016-06-07,India,"""experienced a positive change""",Positive,5.0
2016-05-24,Australia,"""definitely not recommended""",Positive,5.0
2016-05-21,India,"""absolutely dreadful experience""",Negative,1.0
2016-05-20,India,"""staff just do the basics""",Neutral,2.5
2016-05-16,India,"""experience however was pleasant""",Positive,5.0
2016-05-13,India,"""worst air travel """,Negative,1.0
2016-04-29,Germany,"""worst business class""",Negative,1.0
2016-04-24,United States,"""interior not properly maintained""",Neutral,2.5
2016-04-23,Canada,"""overbooked Dubai flight""",Neutral,2.5
2016-04-08,United Kingdom,"""surprised with the improvement""",Positive,5.0
2016-04-03,India,"""the flight was very pleasant""",Positive,5.0
2016-03-31,India,"""would recommend Air India""",Neutral,2.5
2016-03-27,United Kingdom,"""crew good, but food was poor""",Negative,1.0
2016-03-27,Thailand,"""friendly and attentive crew""",Positive,5.0
2016-03-25,United Kingdom,"""overall better than expected""",Positive,5.0
2016-03-24,United Kingdom,"""crew could not care less""",Positive,5.0
2016-03-24,United Kingdom,"""crew experienced and professional""",Neutral,2.5
2016-03-23,United Kingdom,"""35 mins ahead of schedule""",Neutral,2.5
2016-03-23,United Kingdom,"""legroom was very comfortable""",Positive,5.0
2016-03-17,India,"""served a hot dinner""",Neutral,2.5
2016-03-13,United States,"""not one seat fully functional""",Neutral,2.5
2016-03-12,United States,"""not impressed with staff service""",Positive,5.0
2016-03-10,United Kingdom,"""totally indifferent""",Negative,1.0
2016-03-09,United Kingdom,"""cabin crew were professional""",Neutral,2.5
2016-03-06,India,"""staff were vibrant""",Positive,5.0
2016-03-01,United Arab Emirates,"""cheap but not cheerful""",Positive,5.0
2016-02-28,United Kingdom,"""cabin crew worked hard""",Negative,1.0
2016-02-26,United Kingdom,"""such poor service""",Negative,1.0
2016-02-21,United Kingdom,"""shocking and disgraceful""",Negative,1.0
2016-02-15,United Kingdom,"""comparable to Ryanair""",Neutral,2.5
2016-02-11,United Kingdom,"""might even fly them again""",Neutral,2.5
2016-02-09,United Kingdom,"""worst flying experience""",Negative,1.0
2016-02-08,India,"""crew lacked hospitality""",Negative,1.0
2016-02-02,United Kingdom,"""our worst experience """,Negative,1.0
2016-01-21,Argentina,"""sent to a poor hotel""",Negative,1.0
2016-01-19,France,"""ruined end of holiday""",Negative,1.0
2016-01-15,United Kingdom,"""most uncomfortable flights""",Negative,1.0
2016-01-12,United Kingdom,"""a really bad experience""",Negative,1.0
2016-01-11,United States,"""it's time to grow up""",Neutral,2.5
2016-01-09,United Kingdom,"""do not care about their customer""",Positive,5.0
2016-01-07,India,"""all of them delayed""",Negative,1.0
2016-01-06,United Kingdom,"""service was slow and surly""",Neutral,2.5
2016-01-05,Canada,"""cattle-truck service""",Neutral,2.5
2016-01-05,United Arab Emirates,"""a spacious cabin""",Neutral,2.5
2016-01-04,United Kingdom,"""never to use Air India""",Neutral,2.5
2016-01-03,United States,"""check-in nightmare""",Neutral,2.5
2016-01-02,Thailand,"""better than expected""",Positive,5.0
2015-12-31,Canada,"""lack of professionalism""",Negative,1.0
2015-12-25,United States,"""seating was good""",Positive,5.0
2015-12-23,India,"""IFE had good options""",Positive,5.0
2015-12-23,Australia,"""No more Air India for me""",Neutral,2.5
2015-12-22,Australia,"""terrible service""",Negative,1.0
2015-12-21,New Zealand,"""cabin crew were smiling""",Neutral,2.5
2015-12-20,Australia,"""Just hopeless""",Negative,1.0
2015-12-20,Australia,"""the worst airline ever""",Negative,1.0
2015-12-09,United States,"""I wouldn't recommend""",Neutral,2.5
2015-12-06,United Kingdom,"""cannot count on Air India""",Neutral,2.5
2015-12-05,India,"""the aircraft were dirty""",Negative,1.0
2015-12-03,India,"""flight was uneventful""",Neutral,2.5
2015-11-30,United Kingdom,"""food is another plus""",Neutral,2.5
2015-11-29,Germany,"""was not expecting too much""",Neutral,2.5
2015-11-28,Australia,"""could not care less""",Positive,5.0
2015-11-22,India,"""flight had been cancelled""",Negative,1.0
2015-11-22,United States,"""cheaper than competitors""",Neutral,2.5
2015-11-20,Australia,"""cabin crew attentive""",Neutral,2.5
2015-11-19,United Kingdom,"""changed my thinking a little""",Neutral,2.5
2015-11-16,United Kingdom,"""such a shoddy airline""",Neutral,2.5
2015-11-13,India,"""don't hear the announcement""",Neutral,2.5
2015-11-08,United States,"""very poorly run airline""",Neutral,2.5
2015-11-05,United Kingdom,"""chose Air India on price""",Neutral,2.5
2015-11-05,United States,"""food and beverage very poor""",Negative,1.0
2015-11-01,United Kingdom,"""experience was poor""",Negative,1.0
2015-11-01,United States,"""very polite and professional""",Neutral,2.5
2015-10-16,United States,"""the most horrible flight""",Negative,1.0
2015-10-12,India,"""service was a welcome change""",Positive,5.0
2015-10-10,Australia,"""flight was comfortable""",Positive,5.0
2015-10-09,Singapore,"""special meals not delivered""",Positive,5.0
2015-10-09,United Kingdom,"""aircraft interior looks aged""",Neutral,2.5
2015-10-09,New Zealand,"""flight attendant was very rude""",Negative,1.0
2015-09-27,Australia,"""Dinner service was great""",Positive,5.0
2015-09-16,India,"""the staff service was really poor""",Negative,1.0
2015-09-16,Australia,"""left at the airport during the night""",Negative,1.0
2015-09-13,Australia,"""the worst airline I have ever flown""",Negative,1.0
2015-09-12,United States,"""the worst flight that I have taken""",Negative,1.0
2015-09-12,Hong Kong,"""cabin crew who were unprofessional""",Negative,1.0
2015-09-10,United Kingdom,"""staff onboard were unconcerned""",Negative,1.0
2015-09-06,United States,"""avoid if you can fly another airline""",Negative,1.0
2015-09-06,United States,"""very disappointing flights""",Negative,1.0
2015-09-04,India,"""warm welcome by senior staff""",Positive,5.0
2015-09-02,India,"""avoid this airline""",Negative,1.0
